Canal,Link,Subnicho,Idioma/Pais,Inscritos,Mediana views ult 20,Mediana 10 recentes,Mediana 10 anteriores,Momentum (recentes/anteriores),Frequencia (por semana),Duracao media (min),Formato visual,Video fora da curva 1,Video fora da curva 2,Video fora da curva 3,Assuntos recorrentes,Qualidade thumbnail (1-5),Monetizacao aparente,Dificuldade de produzir (1-5),Da pra fazer algo original? (S/N),RPM estimado (R$),Score (momentum x RPM / dificuldade),Observacoes
EXEMPLO Obra Contada,https://youtube.com/...,Historias de obras,PT-BR Brasil,45000,80000,120000,60000,2.0,2,7,Narracao + b-roll + legenda grande,Video A,Video B,Video C,Erros caros / desabamentos,4,Ads + afiliado ferramentas,3,S,15,ALTO,Formato replicavel faceless
,,,,,,,,,,,,,,,,,,,,,
,,,,,,,,,,,,,,,,,,,,,
,,,,,,,,,,,,,,,,,,,,,
,,,,,,,,,,,,,,,,,,,,,
,,,,,,,,,,,,,,,,,,,,,
,,,,,,,,,,,,,,,,,,,,,
,,,,,,,,,,,,,,,,,,,,,
,,,,,,,,,,,,,,,,,,,,,
,,,,,,,,,,,,,,,,,,,,,
,,,,,,,,,,,,,,,,,,,,,
,,,,,,,,,,,,,,,,,,,,,
,,,,,,,,,,,,,,,,,,,,,
,,,,,,,,,,,,,,,,,,,,,
,,,,,,,,,,,,,,,,,,,,,
